Designator,Val,Package,Mid X,Mid Y,Rotation,Layer
"D3","APBD3224ESGC","LED_Kingbright_APBD3224",-15.900000,23.300000,180.000000,bottom
"FID4","Fiducial","Fiducial_1mm_Mask2mm",26.000000,23.000000,180.000000,bottom
"FID5","Fiducial","Fiducial_1mm_Mask2mm",26.000000,-23.000000,180.000000,bottom
"FID6","Fiducial","Fiducial_1mm_Mask2mm",-26.500000,-20.000000,180.000000,bottom
"R13","220R","R_0603_1608Metric",-10.900000,24.200000,180.000000,bottom
"R14","220R","R_0603_1608Metric",-10.900000,22.400000,180.000000,bottom
